encounter_id,actual_readmit_30d,lr_probability,lr_pred_0_50,tree_probability,tree_pred_0_50
10104,1,0.12066543576788241,0,0.045454545454545456,0
10034,0,0.05639282599176164,0,0.045454545454545456,0
10115,0,0.1797750036836816,0,0.8571428571428571,1
10002,0,0.08428778494426217,0,0.045454545454545456,0
10112,0,0.14799397663860345,0,0.0,0
10005,0,0.7709605292100777,1,0.8571428571428571,1
10052,0,0.00598052911539218,0,0.045454545454545456,0
10070,0,0.1192258178563971,0,0.4,0
10046,0,0.08301245662660975,0,0.045454545454545456,0
10106,0,0.557615799757617,1,0.25,0
10113,0,0.6491844449647222,1,0.8571428571428571,1
10033,1,0.10314870822200056,0,0.0,0
10041,0,0.11249738888616058,0,0.8571428571428571,1
10075,0,0.25642348840368123,0,0.8571428571428571,1
10021,0,0.09699839629550934,0,0.045454545454545456,0
10049,1,0.4066615943215861,0,0.4,0
10082,0,0.48448102010896343,0,0.25,0
10003,1,0.6388102718776518,1,0.25,0
10081,0,0.41497697504851366,0,0.0,0
10089,1,0.1596095983987294,0,0.8571428571428571,1
10120,0,0.04260594782547995,0,0.045454545454545456,0
10071,0,0.12479284801386344,0,0.25,0
10080,0,0.12372920169401276,0,0.25,0
10014,0,0.06343005337968881,0,0.25,0
10086,0,0.07411570929210172,0,0.045454545454545456,0
10045,1,0.016871239285885645,0,0.045454545454545456,0
10030,0,0.5379860407139976,1,0.5,1
10101,0,0.009938959935864789,0,0.045454545454545456,0
10078,0,0.13586228271653464,0,0.0,0
10029,0,0.21747612522527707,0,0.045454545454545456,0
